<?xml version="1.0" encoding="UTF-8"?>
<project-private xmlns="http://www.netbeans.org/ns/project-private/1">
    <editor-bookmarks xmlns="http://www.netbeans.org/ns/editor-bookmarks/2" lastBookmarkId="0"/>
    <open-files xmlns="http://www.netbeans.org/ns/projectui-open-files/2">
        <group>
            <file>file:/C:/Users/Admin/Downloads/projecthiss/projecthiss/project-hiss/src/refdefcwk/Consultant.java</file>
            <file>file:/C:/Users/Admin/Downloads/projecthiss/projecthiss/project-hiss/src/refdefcwk/ManagerUI.java</file>
            <file>file:/C:/Users/Admin/Downloads/projecthiss/projecthiss/project-hiss/src/refdefcwk/Manager.java</file>
            <file>file:/C:/Users/Admin/Downloads/projecthiss/projecthiss/project-hiss/test/RefDefCwkTests/GeneralTest.java</file>
            <file>file:/C:/Users/Admin/Downloads/projecthiss/projecthiss/project-hiss/src/refdefcwk/StaffState.java</file>
            <file>file:/C:/Users/Admin/Downloads/projecthiss/projecthiss/project-hiss/src/refdefcwk/HISS.java</file>
            <file>file:/C:/Users/Admin/Downloads/projecthiss/projecthiss/project-hiss/src/refdefcwk/Installer.java</file>
            <file>file:/C:/Users/Admin/Downloads/projecthiss/projecthiss/project-hiss/src/refdefcwk/RefDefD.java</file>
            <file>file:/C:/Users/Admin/Downloads/projecthiss/projecthiss/project-hiss/src/refdefcwk/Joiner.java</file>
            <file>file:/C:/Users/Admin/Downloads/projecthiss/projecthiss/project-hiss/src/refdefcwk/ManagerGUI.java</file>
        </group>
    </open-files>
</project-private>
